Row,Quantity Per PCB,References,Value,Datasheet,Footprint,Description,manf,manf#,mouser#
1,13,C402 C501 C502 C503 C504 C507 C508 C509 C510 C511 C602 C603 C604,100n,https://datasheets.kyocera-avx.com/cx5r-KGM.pdf,C_0201_0603Metric,"Unpolarized capacitor, small symbol",KYOCERA AVX,02016D104MAT4A,581-02016D104MAT4A
2,1,C505,220n,https://datasheets.kyocera-avx.com/cx5r-KGM.pdf,C_0201_0603Metric,"Unpolarized capacitor, small symbol",KYOCERA AVX,0201ZD224KAT2A,581-0201ZD224KAT2A
3,3,C401 C405 C601,1u,https://datasheets.kyocera-avx.com/cx5r-KGM.pdf,C_0201_0603Metric,"Unpolarized capacitor, small symbol",KYOCERA AVX,KGM03BR50J105KH,581-KGM03BR50J105KH
4,1,C403,2u2,https://datasheets.kyocera-avx.com/cx5r.pdf,C_0402_1005Metric,"Unpolarized capacitor, small symbol",KYOCERA AVX,0402ZD225MAT2A,581-0402ZD225MAT2A
5,5,C404 C406 C408 C506 C512,10u,https://search.murata.co.jp/Ceramy/image/img/A01X/G101/ENG/GRJ155R60J106ME11-02A.pdf,C_0402_1005Metric,"Unpolarized capacitor, small symbol",Murata Electronics,GRJ155R60J106ME11D,81-GRJ155R60J106ME11D
6,3,C407 C409 C410,10u,https://datasheets.kyocera-avx.com/cx5r-KGM.pdf,C_0603_1608Metric,"Unpolarized capacitor, small symbol",KYOCERA AVX,KGM15CR50J106MT,581-KGM15CR50J106MT
7,1,IC501,APDS-9306-065,https://docs.broadcom.com/docs/AV02-4755EN,Broadcom_DFN-6_2x2mm_P0.65mm,"Ambient Light Sensor, I2C interface, 1.7-3.6V, DFN-6",Broadcom / Avago,APDS-9306-065,630-APDS-9306-065
8,1,IC502,BMI270,https://www.bosch-sensortec.com/media/boschsensortec/downloads/datasheets/bst-bmi270-ds000.pdf,Bosch_LGA-14_3x2.5mm_P0.5mm_LayoutBorder3x4y,,Bosch,BMI270,262-BMI270
9,1,IC504,BMP581,https://www.bosch-sensortec.com/media/boschsensortec/downloads/datasheets/bst-bmp581-ds004.pdf,Bosch_LGA-10_2x2mm_P0.5mm_ClockwisePinNumbering,,Bosch,BMP581,262-BMP581
10,1,IC505,DRV2603RUNT,https://www.ti.com/lit/ds/symlink/drv2603.pdf?HQS=dis-mous-null-mousermode-dsf-pf-null-wwe&ts=1692200896697&ref_url=https%253A%252F%252Feu.mouser.com%252F,WQFN-10_2x2mm_P0.5mm,,Texas Instruments,DRV2603RUNT,595-DRV2603RUNT
11,1,IC601,FAN5622SX,https://www.onsemi.com/download/data-sheet/pdf/fan5626-d.pdf,TSOT-23-6,,onsemi / Fairchild,FAN5622SX,512-FAN5622SX
12,1,IC503,LIS2MDLTR,http://www.st.com/content/ccc/resource/technical/document/datasheet/group3/29/13/d1/e0/9a/4d/4f/30/DM00395193/files/DM00395193.pdf/jcr:content/translations/en.DM00395193.pdf,LGA-12_2x2mm_P0.5mm,,STMicroelectronics,LIS2MDLTR,511-LIS2MDLTR
13,1,IC603,MX25U51245GZ4I00,https://www.mouser.de/datasheet/2/819/MX25U51245G_2c_1_8V_2c_512Mb_2c_v1_4-3371129.pdf,WSON-8-1EP_8x6mm_P1.27mm_EP3.4x4.3mm,,Macronix,MX25U51245GZ4I00,95-25U51245GZ4I00T
14,1,IC604,NTS0104GU12,https://www.nxp.com/docs/en/data-sheet/NTS0104.pdf,XQFN-12-1.7x2mm_P0.4mm,,NXP Semiconductors,"NTS0104GU12,115",771-NTS0104GU12115
15,1,IC506,PCA9306JK,https://www.nxp.com/docs/en/data-sheet/PCA9306.pdf,XSON-8_0.65x0.17mm_P0.35mm,Dual bidirectional I2C Bus and SMBus voltage level translator,NXP Semiconductors,PCA9306JKZ,771-PCA9306JKZ
16,1,IC507,RV-8263-C8,https://www.microcrystal.com/fileadmin/Media/Products/RTC/Datasheet/RV-8263-C8.pdf,RV-8263-C8,,Micro Crystal,RV-8263-C8 32.768kHz-20PPM-TA-QA,428-204291-MC01
17,1,IC602,USBLC6-2P6,https://www.st.com/resource/en/datasheet/usblc6-2.pdf,SOT-666,"Very low capacitance ESD protection diode, 2 data-line, SOT-666",STMicroelectronics,USBLC6-2P6,511-USBLC6-2P6
18,1,IC401,nPM1300-QEXX,https://infocenter.nordicsemi.com/index.jsp?topic=%2Fstruct_pmic%2Fstruct%2Fnpm1300.html,QFN-32-1EP_5x5mm_P0.5mm_EP3.6x3.6mm,,Nordic Semiconductor,nPM1300-QEAA-R7,949-NPM1300-QEAA-R7
19,1,J1,53261-0271,https://www.molex.com/pdm_docs/sd/532610271_sd.pdf,molex_pico,"1.25mm Pitch, PicoBlade PCB Header, Single Row, Right-Angle, Surface Mount, Tin (Sn) Plating, Friction Lock,  Circuits, Tape and Reel",,,
20,2,L401 L402,2u2,https://www.mouser.de/datasheet/3/76/1/JELF243B-9121.pdf,L_0603_1608Metric,Inductor,Murata Electronics,LQM18PZ2R2MDHD,81-LQM18PZ2R2MDHD
21,1,LS801,Speaker,https://www.mouser.de/datasheet/3/6118/1/cmr_12062s_67.pdf,CMR-12062S-67,Speaker,Same Sky,CMR-12062S-67,490-CMR-12062S-67
22,1,M601,NORA-B106,https://www.u-blox.com/docs/UBX-20027119,NORA-B106,,u-blox,NORA-B106-00B,377-NORA-B106-00B
23,1,MK501,SPK0641HT4H-1,https://www.knowles.com/docs/default-source/default-document-library/sph0645lm4h-1-datasheet.pdf,SPK0641HT4H-1,Digital MEMS Microphone,Knowles,SPK0641HT4H-1,721-SPK0641HT4H-1
24,2,R501 R502,1k8,https://www.mouser.com/catalog/specsheets/YAGEO_PYu_RC_Group_51_RoHS_L_12.pdf,R_0201_0603Metric,"Resistor, small symbol",YAGEO,RC0201JR-071K8L,603-RC0201JR-071K8L
25,2,R504 R505,3k3,https://www.mouser.com/catalog/specsheets/YAGEO_PYu_RC_Group_51_RoHS_L_12.pdf,R_0201_0603Metric,"Resistor, small symbol",YAGEO,RC0201JR-073K3L,603-RC0201JR-073K3L
26,1,R601,12k,https://www.mouser.com/catalog/specsheets/YAGEO_PYu_RC_Group_51_RoHS_L_12.pdf,R_0201_0603Metric,"Resistor, small symbol",YAGEO,RC0201JR-0712KL,603-RC0201JR-0712KL
27,1,R407,47k,https://www.mouser.com/catalog/specsheets/YAGEO_PYu_RC_Group_51_RoHS_L_12.pdf,R_0201_0603Metric,"Resistor, small symbol",YAGEO,RC0201JR-0747KL,603-RC0201JR-0747KL
28,2,R408 R613,100k,https://www.mouser.com/catalog/specsheets/YAGEO_PYu_RC_Group_51_RoHS_L_12.pdf,R_0201_0603Metric,"Resistor, small symbol",YAGEO,RC0201JR-07100KL,603-RC0201JR-07100KL
29,1,R506,200k,https://www.mouser.com/catalog/specsheets/YAGEO_PYu_RC_Group_51_RoHS_L_12.pdf,R_0201_0603Metric,"Resistor, small symbol",YAGEO,RC0201JR-07200KL,603-RC0201JR-07200KL
30,1,S501,SW1,https://www.we-online.com/components/products/datasheet/436333033816.pdf,43633303381_NoMountingPads,"Push button switch, generic, two pins",Wurth Elektronik,436333033816,710-436333033816
31,1,S502,SW2,https://www.we-online.com/components/products/datasheet/436333033816.pdf,43633303381_NoMountingPads,"Push button switch, generic, two pins",Wurth Elektronik,436333033816,710-436333033816
32,1,S503,SW3,https://www.we-online.com/components/products/datasheet/436333033816.pdf,43633303381_NoMountingPads,"Push button switch, generic, two pins",Wurth Elektronik,436333033816,710-436333033816
33,1,S504,SW4,https://www.we-online.com/components/products/datasheet/436333033816.pdf,43633303381_NoMountingPads,"Push button switch, generic, two pins",Wurth Elektronik,436333033816,710-436333033816
34,1,X603,Device,https://www.usb.org/sites/default/files/documents/usb_type-c.zip,USB_C_Receptacle_Amphenol_12401610E4-2A,USB Full-Featured Type-C Receptacle connector,Amphenol Commercial Products,12401610E4#2A,523-12401610E4#2A
35,1,X608,Display,https://www.buydisplay.com/download/manual/ER-TFT1.28-2_Datasheet.pdf,ER-CON0.4-24P,,EastRising,OK-24F024-04,
36,2,X701 X702,MB1,https://cdn.amphenol-cs.com/media/wysiwyg/files/drawing/101r014fb110.pdf,101R014FB110,"Generic connector, double row, 02x07, top/bottom pin numbering scheme (row 1: 1...pins_per_row, row2: pins_per_row+1 ... num_pins), script generated (kicad-library-utils/schlib/autogen/connector/)",Amphenol Aorora,101R014FB110,649-101R014FB110
37,1,X509,Motor,https://www.molex.com/en-us/products/part-detail-pdf/781710002?display=pdf,78171-0002,"Generic connector, single row, 01x02, script generated (kicad-library-utils/schlib/autogen/connector/)",Molex,78171-0002,538-78171-0002
